Transaction_ID,Customer_Name,DOB,Purchase_Date,Amount,Category,Age
1001,Damon Salvatore,1979-06-01,2023-04-17,91.54,Beauty,47
1002,Caroline Forbes,1989-07-24,2023-11-27,872.87,Home,37
1003,Alice White,1968-09-30,2023-05-11,145.64,Beauty,58
1004,Tyler Lockwood,1978-05-09,2024-01-21,31.59,Groceries,48
1005,Tyler Lockwood,1986-06-17,2023-08-24,653.34,Electronics,40
1006,Matt Donovan,1966-08-26,2023-09-28,413.34,Home,60
1007,Alice White,2005-04-19,2023-05-15,70.32,Beauty,21
1008,Jane Smith,2004-11-23,2023-11-12,127.92,Clothing,22
1009,Caroline Forbes,2006-03-17,2023-04-02,22.7,Groceries,20
1010,Alaric Saltzman,2001-01-17,2023-07-25,591.68,Electronics,25
1011,Stefan Salvatore,2005-02-18,2024-01-25,178.96,Clothing,21
1012,Alaric Saltzman,1990-07-21,2023-02-13,130.64,Clothing,36
1013,Alice White,1994-03-09,2023-10-31,11.56,Groceries,32
1014,Stefan Salvatore,1987-08-01,2023-08-25,171.11,Clothing,39
1015,Stefan Salvatore,1982-07-24,2023-09-09,83.69,Groceries,44
1016,Bonnie Bennett,1980-02-12,2023-10-28,129.71,Electronics,46
1017,Bonnie Bennett,1984-10-19,2023-05-16,238.9,Home,42
1018,Stefan Salvatore,1973-05-15,2024-01-14,139.31,Beauty,53
1019,Caroline Forbes,1968-02-02,2023-05-15,1284.27,Electronics,58
1020,Jane Smith,1976-01-11,2024-02-11,110.79,Beauty,50
1021,Stefan Salvatore,1987-01-21,2024-03-24,163.61,Home,39
1022,Bob Brown,2008-02-15,2023-08-06,546.6,Home,18
1023,Caroline Forbes,1966-09-04,2023-03-04,697.28,Electronics,60
1024,Alice White,1978-07-11,2023-08-25,242.91,Home,48
1025,Alaric Saltzman,1976-04-06,2023-07-06,203.16,Home,50
1026,Jane Smith,1967-01-16,2023-03-03,300.44,Electronics,59
1027,Tyler Lockwood,1980-11-10,2023-02-13,134.42,Groceries,46
1028,Matt Donovan,1980-07-10,2023-07-09,617.05,Electronics,46
1029,Matt Donovan,1995-07-05,2023-09-16,446.54,Home,31
1030,Charlie Black,1975-04-27,2023-08-22,40.4,Groceries,51
1031,Matt Donovan,1976-11-23,2023-08-21,57.73,Groceries,50
1032,John Doe,1996-05-03,2024-01-21,335.83,Home,30
1033,John Doe,1991-08-21,2023-04-23,160.75,Clothing,35
1034,Elena Gilbert,1985-07-16,2023-08-13,555.17,Electronics,41
1035,Jane Smith,1964-07-27,2023-06-09,16.72,Groceries,62
1036,Stefan Salvatore,1991-06-14,2023-10-21,96.68,Beauty,35
1037,Elena Gilbert,1986-06-30,2023-05-24,386.36,Electronics,40
1038,Matt Donovan,2002-03-09,2023-09-16,52.26,Groceries,24
1039,Alice White,1989-03-15,2023-05-27,98.55,Groceries,37
1040,Alice White,1967-10-25,2023-02-08,254.56,Clothing,59
1041,Matt Donovan,1980-09-28,2024-02-19,92.22,Clothing,46
1042,Tyler Lockwood,1992-03-14,2023-04-22,1081.61,Electronics,34
1043,John Doe,2006-04-22,2023-09-11,85.95,Groceries,20
1044,Matt Donovan,1999-07-04,2023-04-09,739.66,Home,27
1045,Bob Brown,1988-09-25,2023-02-23,1319.86,Electronics,38
1046,Matt Donovan,2000-11-09,2023-12-06,403.67,Home,26
1047,Bonnie Bennett,1973-09-28,2023-12-15,65.03,Clothing,53
1048,Jane Smith,2006-04-16,2023-06-12,37.52,Beauty,20
1049,John Doe,2004-05-07,2024-02-02,30.93,Beauty,22
1050,Stefan Salvatore,2000-10-09,2023-07-14,685.32,Electronics,26
1051,Tyler Lockwood,1987-02-03,2023-08-26,75.58,Beauty,39
1052,Stefan Salvatore,1982-01-30,2023-08-14,77.88,Beauty,44
1053,Tyler Lockwood,1975-04-17,2023-10-31,593.4,Home,51
1054,John Doe,1991-09-05,2023-08-08,45.54,Beauty,35
1055,Elena Gilbert,1973-07-10,2023-02-06,67.09,Beauty,53
1056,Charlie Black,1977-11-20,2023-07-07,243.16,Electronics,49
1057,Alaric Saltzman,1987-09-17,2023-09-13,211.02,Home,39
1058,Bonnie Bennett,1966-07-22,2023-02-23,280.4,Clothing,60
1059,Stefan Salvatore,1976-03-22,2023-05-31,91.17,Clothing,50
1060,Caroline Forbes,2006-05-23,2023-04-14,359.58,Electronics,20
1061,Elena Gilbert,1969-09-12,2023-09-04,246.83,Clothing,57
1062,Bonnie Bennett,1985-02-12,2023-11-12,21.45,Clothing,41
1063,Alice White,1964-02-11,2023-11-17,133.56,Groceries,62
1064,Tyler Lockwood,1974-04-12,2023-10-15,492.32,Home,52
1065,Alaric Saltzman,1986-04-17,2023-02-27,170.96,Electronics,40
1066,Elena Gilbert,1993-12-31,2024-03-19,80.73,Beauty,33
1067,Charlie Black,1964-11-14,2023-01-05,127.09,Groceries,62
1068,Alice White,1979-01-11,2023-12-21,24.25,Groceries,47
1069,Jane Smith,1966-09-25,2023-05-27,857.76,Electronics,60
1070,Bob Brown,1980-12-30,2024-03-14,27.1,Clothing,46
1071,Charlie Black,1985-10-21,2024-01-28,64.3,Groceries,41
1072,Caroline Forbes,2007-06-26,2023-10-17,1354.38,Electronics,19
1073,Charlie Black,2007-05-24,2023-07-08,93.7,Beauty,19
1074,Damon Salvatore,2005-12-06,2023-06-03,769.95,Home,21
1075,Bonnie Bennett,1979-07-22,2023-03-10,691.69,Electronics,47
1076,Alice White,2003-08-01,2024-02-04,233.74,Clothing,23
1077,Charlie Black,1969-11-21,2023-10-16,62.78,Beauty,57
1078,Caroline Forbes,2003-11-13,2023-10-17,59.32,Groceries,23
1079,Caroline Forbes,1989-11-20,2023-09-14,104.17,Beauty,37
1080,Stefan Salvatore,1992-06-21,2023-09-15,1747.68,Electronics,34
1081,Matt Donovan,1988-09-25,2024-01-31,180.54,Clothing,38
1082,John Doe,1975-09-02,2024-03-02,95.76,Beauty,51
1083,John Doe,1975-09-13,2023-11-26,236.0,Home,51
1084,Alaric Saltzman,1996-11-19,2023-10-29,30.91,Clothing,30
1085,Jane Smith,1973-07-28,2023-12-03,109.31,Clothing,53
1086,Caroline Forbes,1998-11-24,2024-02-22,317.76,Home,28
1087,Alice White,1963-12-18,2024-02-17,65.6,Groceries,63
1088,Alaric Saltzman,1972-03-08,2024-02-12,990.98,Home,54
1089,Alice White,1990-11-20,2023-06-01,39.6,Beauty,36
1090,Damon Salvatore,1995-05-20,2023-08-05,147.97,Home,31
1091,John Doe,1988-07-22,2023-12-08,134.85,Beauty,38
1092,John Doe,1972-07-10,2024-02-07,56.46,Groceries,54
1093,Tyler Lockwood,1994-07-15,2024-01-19,88.15,Groceries,32
1094,Charlie Black,2003-11-14,2024-01-31,1152.04,Electronics,23
1095,Charlie Black,1973-01-06,2023-05-31,315.58,Electronics,53
1096,Charlie Black,1966-08-28,2024-02-27,143.63,Clothing,60
1097,Damon Salvatore,1979-07-07,2023-11-27,291.22,Clothing,47
1098,Bonnie Bennett,1998-06-14,2023-08-18,37.27,Beauty,28
1099,Bonnie Bennett,1981-10-27,2023-07-13,79.43,Beauty,45
1100,Elena Gilbert,1989-10-11,2023-12-31,1772.68,Electronics,37
1101,John Doe,2001-07-19,2023-10-28,55.78,Groceries,25
1102,Tyler Lockwood,1977-05-28,2024-03-20,85.97,Groceries,49
1103,Matt Donovan,1998-03-13,2023-01-19,291.0,Home,28
1104,Jane Smith,1980-10-23,2023-02-27,22.23,Groceries,46
1105,Alaric Saltzman,1968-02-29,2024-01-22,39.44,Beauty,58
1106,Bonnie Bennett,1983-04-20,2024-02-21,144.67,Beauty,43
1107,Tyler Lockwood,1963-09-24,2023-06-22,51.79,Beauty,63
1108,Elena Gilbert,1987-08-06,2023-09-09,41.68,Beauty,39
1109,Bob Brown,1989-01-08,2023-08-21,1421.92,Electronics,37
1110,John Doe,2005-09-29,2024-03-16,316.92,Home,21
1111,Stefan Salvatore,1970-09-26,2024-01-08,72.67,Clothing,56
1112,Caroline Forbes,2000-08-19,2023-11-12,94.46,Clothing,26
1113,Charlie Black,1967-07-17,2023-07-11,713.25,Home,59
1114,John Doe,1999-07-25,2023-08-08,24.31,Beauty,27
1115,Bob Brown,2002-12-01,2024-01-06,93.95,Beauty,24
1116,Jane Smith,1998-04-16,2023-10-13,174.44,Clothing,28
1117,Charlie Black,1975-12-25,2023-05-26,815.8,Electronics,51
1118,Caroline Forbes,1983-03-21,2023-11-11,590.63,Home,43
1119,John Doe,1974-11-15,2023-04-09,125.98,Electronics,52
1120,Damon Salvatore,2002-08-08,2023-12-17,149.51,Beauty,24
1121,Charlie Black,1986-01-03,2023-06-14,257.9,Clothing,40
1122,John Doe,1987-12-09,2024-01-01,1912.7,Electronics,39
1123,Alaric Saltzman,2004-05-08,2023-02-03,43.96,Groceries,22
1124,Damon Salvatore,1982-06-21,2023-06-11,544.16,Home,44
1125,Tyler Lockwood,2007-12-28,2023-08-24,17.82,Beauty,19
1126,Matt Donovan,1991-11-04,2023-09-12,94.94,Beauty,35
1127,Jane Smith,1997-11-11,2024-02-26,147.17,Groceries,29
1128,Jane Smith,1974-03-27,2023-10-13,136.45,Home,52
1129,Jane Smith,1970-03-31,2023-01-30,261.46,Clothing,56
1130,Charlie Black,1979-10-12,2023-07-03,1035.02,Electronics,47
1131,Tyler Lockwood,1988-12-17,2023-02-03,55.37,Beauty,38
1132,Matt Donovan,1965-07-05,2024-01-06,974.23,Electronics,61
1133,Matt Donovan,1993-02-15,2024-01-23,55.12,Groceries,33
1134,Bob Brown,1976-08-16,2023-06-04,146.1,Beauty,50
1135,Alaric Saltzman,1989-05-23,2023-01-05,98.01,Clothing,37
1136,Alaric Saltzman,1986-04-05,2023-01-01,71.81,Beauty,40
1137,Caroline Forbes,1963-01-28,2024-03-08,213.31,Clothing,63
1138,Bonnie Bennett,1982-06-22,2023-02-16,1406.79,Electronics,44
1139,Stefan Salvatore,1978-11-12,2023-11-15,5.38,Beauty,48
1140,Alice White,2008-02-12,2023-04-23,225.29,Home,18
1141,Stefan Salvatore,1987-02-11,2023-01-28,229.29,Clothing,39
1142,Matt Donovan,2002-02-18,2023-04-21,555.51,Home,24
1143,Alaric Saltzman,1990-05-06,2023-08-15,280.35,Home,36
1144,Bonnie Bennett,1972-02-01,2023-07-21,1697.35,Electronics,54
1145,Elena Gilbert,1982-10-23,2023-10-27,1792.0,Electronics,44
1146,Alice White,1983-12-20,2024-01-29,666.38,Home,43
1147,Jane Smith,1972-11-09,2023-02-03,1172.47,Electronics,54
1148,Caroline Forbes,1967-11-21,2023-01-06,98.66,Groceries,59
1149,Jane Smith,1963-07-17,2024-01-12,114.32,Electronics,63
1150,Charlie Black,2002-12-13,2023-04-22,128.37,Groceries,24
1151,Stefan Salvatore,1999-06-20,2024-01-22,67.33,Home,27
1152,Charlie Black,1972-07-20,2023-01-06,181.28,Clothing,54
1153,Matt Donovan,2004-03-22,2023-05-14,1032.42,Electronics,22
1154,Elena Gilbert,2006-03-22,2023-07-22,98.39,Clothing,20
1155,Tyler Lockwood,2003-04-01,2024-02-14,66.69,Groceries,23
1156,John Doe,1988-11-03,2023-05-20,1260.18,Electronics,38
1157,Elena Gilbert,1971-10-13,2023-12-22,82.23,Beauty,55
1158,John Doe,2002-08-27,2023-01-10,14.19,Beauty,24
1159,Tyler Lockwood,2007-02-07,2023-06-17,44.6,Clothing,19
1160,Charlie Black,1999-05-25,2023-09-22,499.51,Home,27
1161,Elena Gilbert,1973-11-26,2023-04-05,1716.38,Electronics,53
1162,Tyler Lockwood,1964-04-02,2024-01-08,941.42,Home,62
1163,Tyler Lockwood,1974-01-24,2023-01-01,127.07,Groceries,52
1164,Stefan Salvatore,1997-02-26,2023-08-17,28.73,Groceries,29
1165,Charlie Black,1972-02-24,2023-12-05,652.07,Home,54
1166,Alice White,1983-07-04,2023-02-11,1397.67,Electronics,43
1167,Stefan Salvatore,1969-11-17,2023-01-14,642.9,Home,57
1168,John Doe,1985-12-24,2023-05-23,541.2,Electronics,41
1169,John Doe,2006-04-17,2023-04-14,565.71,Home,20
1170,Elena Gilbert,2002-12-16,2024-01-26,368.16,Home,24
1171,Alice White,1993-11-04,2023-06-06,1113.58,Electronics,33
1172,Damon Salvatore,1981-09-22,2023-02-07,692.27,Electronics,45
1173,Charlie Black,1981-05-13,2023-09-11,87.63,Groceries,45
1174,Caroline Forbes,2003-10-21,2023-11-26,295.54,Electronics,23
1175,Alaric Saltzman,1977-04-30,2023-08-16,23.49,Beauty,49
1176,Stefan Salvatore,1993-09-19,2023-05-16,75.52,Beauty,33
1177,Alice White,1996-09-02,2023-05-10,659.09,Home,30
1178,Bob Brown,1972-05-12,2023-10-09,619.08,Home,54
1179,Alice White,1997-06-13,2023-11-26,285.24,Clothing,29
1180,Tyler Lockwood,1982-10-08,2023-04-14,191.21,Clothing,44
1181,Stefan Salvatore,1965-03-11,2023-11-20,138.76,Beauty,61
1182,Stefan Salvatore,1966-11-30,2023-10-14,39.3,Clothing,60
1183,Bob Brown,1979-05-07,2023-10-24,478.3,Home,47
1184,Charlie Black,1987-03-16,2023-04-20,23.08,Groceries,39
1185,Bonnie Bennett,2007-04-07,2024-03-13,611.71,Home,19
1186,Charlie Black,1999-04-19,2023-05-17,244.8,Clothing,27
1187,Charlie Black,1982-05-11,2023-03-04,82.92,Groceries,44
1188,Matt Donovan,1970-08-03,2024-02-22,479.61,Home,56
1189,Matt Donovan,1964-06-24,2023-06-28,1046.9,Electronics,62
1190,Elena Gilbert,1984-09-17,2023-06-26,89.19,Beauty,42
1191,Elena Gilbert,1982-09-23,2024-01-05,79.7,Beauty,44
1192,John Doe,1988-02-29,2023-06-26,65.12,Groceries,38
1193,Tyler Lockwood,1969-01-11,2023-11-23,688.88,Electronics,57
1194,Damon Salvatore,1989-04-12,2023-02-01,95.62,Beauty,37
1195,Alaric Saltzman,1978-10-06,2024-02-28,112.42,Home,48
1196,Bob Brown,2006-10-30,2023-04-24,197.48,Home,20
1197,John Doe,2000-12-28,2023-12-25,404.64,Home,26
1198,Caroline Forbes,1989-09-15,2024-01-15,148.23,Electronics,37
1199,Tyler Lockwood,1976-09-02,2024-01-26,64.16,Beauty,50
1200,Bonnie Bennett,2005-06-10,2023-11-24,1619.84,Electronics,21
1201,Bob Brown,1975-11-28,2023-09-21,245.49,Clothing,51
1202,Stefan Salvatore,1994-05-11,2023-04-30,964.52,Home,32
1203,Alice White,1971-08-31,2024-02-02,23.64,Clothing,55
1204,Damon Salvatore,1975-09-30,2023-03-26,166.64,Home,51
1205,Bob Brown,1972-05-19,2023-07-07,269.95,Clothing,54
1206,Charlie Black,1989-02-13,2023-08-22,121.66,Clothing,37
1207,Damon Salvatore,1997-02-02,2023-09-18,64.36,Beauty,29
1208,Bonnie Bennett,1975-01-06,2024-03-03,951.03,Home,51
1209,Elena Gilbert,1964-05-26,2023-03-22,178.42,Clothing,62
1210,Matt Donovan,1962-07-31,2023-05-08,1021.08,Electronics,64
1211,John Doe,1995-02-14,2023-02-09,197.37,Clothing,31
1212,Damon Salvatore,1999-06-21,2023-10-05,450.62,Home,27
1213,Caroline Forbes,1979-11-10,2023-04-08,7.67,Beauty,47
1214,Jane Smith,1988-01-14,2023-12-22,620.7,Electronics,38
1215,John Doe,1971-09-29,2024-01-13,34.93,Groceries,55
1216,Caroline Forbes,1987-01-29,2023-11-09,617.54,Home,39
1217,Tyler Lockwood,1963-04-28,2024-01-29,126.53,Beauty,63
1218,Charlie Black,1980-08-20,2023-05-02,66.56,Clothing,46
1219,Matt Donovan,2007-04-19,2023-06-30,116.79,Groceries,19
1220,Alaric Saltzman,1987-06-03,2023-10-23,387.89,Home,39
1221,John Doe,1969-07-12,2023-08-15,131.06,Clothing,57
1222,Stefan Salvatore,1986-12-18,2023-11-08,612.83,Electronics,40
1223,Alice White,1989-07-12,2023-09-01,854.09,Home,37
1224,Matt Donovan,1963-08-14,2023-06-03,49.85,Clothing,63
1225,Bonnie Bennett,1969-02-12,2023-05-09,1439.36,Electronics,57
1226,Stefan Salvatore,1967-02-05,2023-02-08,828.15,Home,59
1227,Charlie Black,1964-09-11,2024-03-10,48.87,Clothing,62
1228,Charlie Black,1964-05-01,2024-03-20,1905.45,Electronics,62
1229,Damon Salvatore,1996-04-10,2023-03-21,745.61,Home,30
1230,Charlie Black,1991-07-24,2024-01-09,1816.39,Electronics,35
1231,Tyler Lockwood,1993-12-26,2024-02-14,1893.71,Electronics,33
1232,Caroline Forbes,1992-08-08,2024-02-05,179.02,Clothing,34
1233,Caroline Forbes,2001-05-27,2023-12-01,111.0,Beauty,25
1234,Bob Brown,2000-04-12,2023-08-03,73.76,Beauty,26
1235,Alice White,1969-11-18,2023-09-30,582.64,Home,57
1236,Alaric Saltzman,1974-10-20,2023-10-20,372.88,Home,52
1237,Damon Salvatore,1985-02-26,2023-02-08,1122.96,Electronics,41
1238,Elena Gilbert,1983-07-31,2023-06-10,94.3,Beauty,43
1239,Jane Smith,1973-09-11,2023-02-03,880.97,Home,53
1240,Alaric Saltzman,1990-11-20,2023-08-15,998.04,Home,36
1241,Alice White,1979-04-15,2023-09-02,95.99,Groceries,47
1242,Stefan Salvatore,1964-07-06,2024-01-12,45.68,Clothing,62
1243,Damon Salvatore,1988-12-21,2023-06-26,493.95,Home,38
1244,Stefan Salvatore,1978-04-09,2023-05-26,11.1,Beauty,48
1245,John Doe,1962-12-20,2024-02-03,844.1,Electronics,64
1246,Alice White,1996-08-19,2023-10-20,42.55,Beauty,30
1247,Tyler Lockwood,2002-05-02,2024-03-15,908.54,Home,24
1248,Jane Smith,1983-08-11,2023-02-21,38.59,Groceries,43
1249,Alice White,1979-12-26,2023-11-06,125.44,Beauty,47
1250,Caroline Forbes,1965-07-19,2023-11-09,30.28,Clothing,61
1251,Caroline Forbes,2005-06-03,2023-01-05,96.32,Beauty,21
1252,Damon Salvatore,1999-11-15,2023-01-20,167.01,Clothing,27
1253,Matt Donovan,1966-09-05,2023-12-04,392.4,Electronics,60
1254,Bob Brown,1970-06-05,2023-04-30,82.86,Beauty,56
1255,Bonnie Bennett,2004-02-29,2023-04-08,883.59,Home,22
1256,Bob Brown,1981-01-28,2023-05-17,957.87,Home,45
1257,Tyler Lockwood,1967-02-21,2023-02-09,1146.63,Electronics,59
1258,Matt Donovan,1974-10-27,2023-02-07,737.25,Home,52
1259,Caroline Forbes,1991-01-18,2023-11-12,134.7,Beauty,35
1260,Alaric Saltzman,1991-11-02,2023-02-09,74.69,Beauty,35
1261,Alaric Saltzman,2005-12-26,2023-02-09,172.26,Clothing,21
1262,Alaric Saltzman,1963-05-18,2023-09-19,874.75,Home,63
1263,Tyler Lockwood,1975-12-31,2023-02-28,734.62,Electronics,51
1264,Alaric Saltzman,1983-08-29,2023-06-19,94.7,Groceries,43
1265,Elena Gilbert,2001-10-11,2023-08-23,131.42,Beauty,25
1266,Bob Brown,1978-02-04,2024-03-01,249.59,Clothing,48
1267,Charlie Black,1979-01-19,2024-02-19,249.03,Clothing,47
1268,Alaric Saltzman,1980-02-15,2023-10-22,100.37,Clothing,46
1269,Matt Donovan,1968-02-13,2023-12-26,197.52,Clothing,58
1270,Stefan Salvatore,1963-09-21,2023-11-22,772.98,Home,63
1271,Caroline Forbes,1967-07-21,2023-11-15,96.73,Groceries,59
1272,Charlie Black,1979-05-25,2023-07-15,104.74,Groceries,47
1273,Jane Smith,2004-07-16,2023-07-11,1564.87,Electronics,22
1274,John Doe,1998-08-13,2023-01-22,40.91,Clothing,28
1275,Jane Smith,1994-08-15,2023-06-24,69.66,Beauty,32
1276,Matt Donovan,1974-02-21,2023-01-29,830.44,Home,52
1277,Bob Brown,1997-12-26,2023-01-26,96.62,Clothing,29
1278,Alaric Saltzman,2004-11-13,2024-02-01,410.89,Electronics,22
1279,Damon Salvatore,1979-09-23,2023-03-16,126.79,Groceries,47
1280,Alice White,1987-01-29,2023-07-14,1930.15,Electronics,39
1281,Stefan Salvatore,1981-02-05,2023-10-30,97.59,Beauty,45
1282,Elena Gilbert,1989-06-12,2023-02-27,110.04,Groceries,37
1283,Jane Smith,1973-04-14,2023-10-08,86.6,Groceries,53
1284,Tyler Lockwood,1993-01-27,2023-03-13,31.9,Groceries,33
1285,John Doe,1979-04-24,2023-01-08,852.54,Home,47
1286,Alice White,2001-03-09,2024-03-23,9.72,Groceries,25
1287,Tyler Lockwood,2006-01-05,2023-01-15,102.34,Electronics,20
1288,Damon Salvatore,1991-07-03,2023-12-06,85.97,Groceries,35
1289,Bonnie Bennett,1986-10-31,2024-01-21,985.13,Home,40
1290,John Doe,2000-05-20,2023-10-01,154.38,Clothing,26
1291,Elena Gilbert,1977-02-16,2023-10-28,1734.23,Electronics,49
1292,Elena Gilbert,1967-06-08,2023-08-02,149.68,Home,59
1293,John Doe,1997-01-07,2023-06-09,106.86,Groceries,29
1294,Caroline Forbes,1968-07-02,2023-12-19,169.59,Clothing,58
1295,Bonnie Bennett,1995-12-08,2023-04-26,131.14,Clothing,31
1296,Jane Smith,1970-03-07,2023-03-31,244.16,Clothing,56
1297,Jane Smith,1966-05-01,2023-12-26,168.01,Home,60
1298,Matt Donovan,2003-02-12,2023-09-19,198.75,Electronics,23
1299,Bonnie Bennett,1996-06-03,2023-11-24,195.09,Clothing,30
1300,Alice White,2001-11-29,2023-07-27,91.63,Groceries,25
1301,Elena Gilbert,1983-02-23,2023-05-07,411.6,Electronics,43
1302,Matt Donovan,1991-02-12,2023-03-28,28.13,Groceries,35
1303,Alaric Saltzman,1989-12-31,2023-08-26,112.92,Groceries,37
1304,Alaric Saltzman,1976-04-26,2023-10-27,25.84,Clothing,50
1305,Bob Brown,1987-01-19,2023-12-18,1037.23,Electronics,39
1306,Tyler Lockwood,1998-06-24,2023-02-04,15.47,Beauty,28
1307,John Doe,2001-03-26,2023-11-01,110.44,Beauty,25
1308,Alaric Saltzman,1984-05-08,2023-01-04,58.8,Groceries,42
1309,Alice White,1985-01-06,2023-06-26,599.74,Home,41
1310,Alice White,1974-07-15,2023-03-07,242.03,Clothing,52
1311,Damon Salvatore,1966-07-02,2024-01-06,275.46,Clothing,60
1312,Tyler Lockwood,2005-06-28,2023-01-18,111.3,Beauty,21
1313,Bob Brown,1983-02-18,2023-04-10,86.51,Clothing,43
1314,Jane Smith,1971-04-10,2024-02-26,68.39,Beauty,55
1315,Elena Gilbert,1994-07-07,2023-03-25,46.67,Clothing,32
1316,John Doe,1984-01-29,2023-03-07,673.9,Home,42
1317,John Doe,1968-09-18,2023-10-28,889.52,Home,58
1318,Elena Gilbert,1994-12-05,2023-04-03,207.43,Clothing,32
1319,Bonnie Bennett,2007-10-10,2023-10-03,951.15,Home,19
1320,Bonnie Bennett,1988-05-16,2023-05-01,749.58,Home,38
1321,Charlie Black,1996-09-10,2023-11-01,1440.23,Electronics,30
1322,Stefan Salvatore,1980-08-03,2024-01-25,83.29,Groceries,46
1323,Alice White,1994-10-16,2023-10-20,12.5,Groceries,32
1324,John Doe,1973-08-14,2023-09-02,350.35,Home,53
1325,John Doe,1995-02-11,2023-10-03,74.59,Beauty,31
1326,Matt Donovan,1965-10-27,2023-08-05,292.47,Clothing,61
1327,Damon Salvatore,1977-08-27,2024-03-02,115.94,Clothing,49
1328,Elena Gilbert,1988-09-26,2024-01-19,25.81,Beauty,38
1329,Jane Smith,1967-02-22,2023-12-07,1488.58,Electronics,59
1330,Alaric Saltzman,1976-03-06,2023-01-05,205.26,Clothing,50
1331,Damon Salvatore,1982-11-04,2023-05-25,263.29,Clothing,44
1332,Stefan Salvatore,1996-03-31,2023-12-11,103.09,Groceries,30
1333,Bob Brown,1977-10-08,2023-02-22,88.69,Beauty,49
1334,Tyler Lockwood,2006-08-12,2023-03-04,1746.23,Electronics,20
1335,Bonnie Bennett,1995-12-12,2023-09-02,46.86,Beauty,31
1336,Matt Donovan,2004-11-14,2024-01-16,101.8,Groceries,22
1337,Elena Gilbert,1974-12-08,2024-02-01,702.67,Electronics,52
1338,Alaric Saltzman,1997-10-16,2023-12-10,723.92,Electronics,29
1339,John Doe,1996-08-07,2023-05-23,60.16,Beauty,30
1340,Alaric Saltzman,1983-04-27,2023-08-12,944.4,Electronics,43
1341,Elena Gilbert,1982-06-04,2023-12-21,232.62,Clothing,44
1342,Bonnie Bennett,2005-11-27,2023-10-09,154.17,Clothing,21
1343,Charlie Black,1979-09-26,2023-06-02,26.6,Groceries,47
1344,Charlie Black,1993-04-29,2023-08-16,776.64,Home,33
1345,Elena Gilbert,1962-03-04,2024-01-14,67.32,Home,64
1346,Damon Salvatore,1965-03-31,2023-10-30,135.21,Beauty,61
1347,Bonnie Bennett,1972-08-09,2023-02-20,140.49,Groceries,54
1348,Elena Gilbert,1989-05-10,2023-11-30,94.52,Beauty,37
1349,Charlie Black,1963-02-04,2023-06-06,83.18,Groceries,63
1350,Caroline Forbes,1972-09-23,2023-05-26,96.33,Clothing,54
1351,Alice White,1982-03-18,2023-12-16,167.06,Home,44
1352,Tyler Lockwood,1999-01-14,2024-02-01,1177.89,Electronics,27
1353,Caroline Forbes,1972-12-06,2024-01-09,809.67,Electronics,54
1354,Alaric Saltzman,1967-01-14,2024-01-14,92.23,Beauty,59
1355,Elena Gilbert,1987-07-26,2023-08-08,1608.11,Electronics,39
1356,Caroline Forbes,1984-10-27,2023-05-05,272.01,Clothing,42
1357,John Doe,1982-03-16,2023-10-20,44.85,Groceries,44
1358,Bob Brown,1972-12-30,2023-06-16,246.67,Clothing,54
1359,Bob Brown,1972-07-01,2023-03-10,1500.06,Electronics,54
1360,Jane Smith,1975-11-01,2023-05-29,439.05,Electronics,51
1361,Charlie Black,1993-09-16,2023-01-11,91.93,Clothing,33
1362,Alaric Saltzman,1983-06-13,2023-11-16,617.19,Home,43
1363,Jane Smith,2006-01-09,2024-01-09,109.05,Beauty,20
1364,John Doe,1997-05-18,2023-07-07,623.06,Home,29
1365,Elena Gilbert,1966-05-18,2023-06-16,16.52,Beauty,60
1366,Stefan Salvatore,1971-03-13,2023-06-13,431.13,Home,55
1367,John Doe,2002-08-09,2023-09-26,1680.54,Electronics,24
1368,Tyler Lockwood,2004-01-25,2023-06-09,44.32,Beauty,22
1369,Stefan Salvatore,2005-04-26,2024-01-16,113.24,Clothing,21
1370,Elena Gilbert,2006-07-20,2023-06-21,121.62,Clothing,20
1371,Bob Brown,1974-05-18,2023-04-26,17.87,Groceries,52
1372,Charlie Black,1995-05-12,2023-10-30,423.91,Electronics,31
1373,Caroline Forbes,1978-10-29,2023-02-24,55.4,Groceries,48
1374,Tyler Lockwood,2001-02-18,2023-05-24,22.38,Beauty,25
1375,Bob Brown,1968-11-03,2023-01-05,139.42,Groceries,58
1376,Tyler Lockwood,2007-10-22,2023-10-13,18.47,Beauty,19
1377,Elena Gilbert,1990-07-08,2023-10-15,1256.12,Electronics,36
1378,Tyler Lockwood,1970-07-18,2023-05-22,48.95,Groceries,56
1379,Jane Smith,1963-12-27,2023-12-27,55.22,Beauty,63
1380,Bonnie Bennett,1999-03-28,2023-11-19,45.56,Groceries,27
1381,Caroline Forbes,2004-04-15,2023-09-19,796.96,Home,22
1382,Elena Gilbert,1971-06-30,2023-01-12,321.1,Electronics,55
1383,Jane Smith,1963-05-16,2023-06-07,263.06,Clothing,63
1384,Elena Gilbert,2005-03-21,2023-01-07,123.72,Groceries,21
1385,Charlie Black,1973-12-24,2023-12-13,82.61,Clothing,53
1386,Alice White,1990-06-13,2023-09-23,1192.81,Electronics,36
1387,Alaric Saltzman,1975-09-17,2023-04-05,1251.88,Electronics,51
1388,Elena Gilbert,1963-02-06,2023-05-21,22.66,Beauty,63
1389,Charlie Black,1975-02-03,2023-03-20,16.59,Groceries,51
1390,Tyler Lockwood,1976-10-22,2023-04-06,50.21,Groceries,50
1391,Alice White,1990-04-14,2024-03-22,7.56,Beauty,36
1392,Jane Smith,1985-05-14,2023-01-05,232.19,Home,41
1393,Bonnie Bennett,2006-05-29,2023-06-27,94.83,Beauty,20
1394,Bonnie Bennett,1985-12-04,2024-01-28,120.9,Home,41
1395,Tyler Lockwood,1962-06-13,2023-03-21,94.62,Groceries,64
1396,Alice White,1970-01-20,2023-09-30,94.21,Beauty,56
1397,Alice White,1979-04-25,2024-02-24,127.96,Groceries,47
1398,Jane Smith,1971-11-05,2023-07-10,56.36,Beauty,55
1399,Matt Donovan,1981-02-12,2023-08-17,116.55,Beauty,45
1400,Damon Salvatore,2006-12-20,2023-08-07,7.78,Beauty,20
1401,Charlie Black,1998-04-14,2024-01-11,36.2,Beauty,28
1402,Charlie Black,1982-06-29,2023-08-01,121.22,Beauty,44
1403,Alaric Saltzman,1976-09-16,2023-07-07,481.66,Home,50
1404,Alice White,1982-08-14,2023-02-03,40.3,Groceries,44
1405,Jane Smith,1968-07-17,2023-08-21,62.2,Beauty,58
1406,Elena Gilbert,1967-02-09,2023-02-11,24.31,Beauty,59
1407,John Doe,1999-10-16,2023-05-10,16.08,Groceries,27
1408,John Doe,1998-06-25,2023-11-10,118.27,Groceries,28
1409,Tyler Lockwood,1997-06-20,2023-10-17,477.62,Home,29
1410,John Doe,1993-03-17,2023-12-10,26.77,Beauty,33
1411,Tyler Lockwood,2007-11-25,2023-04-11,10.51,Beauty,19
1412,Damon Salvatore,1965-11-13,2024-03-10,61.5,Home,61
1413,Charlie Black,1988-05-23,2023-08-20,149.35,Clothing,38
1414,Alice White,1997-07-26,2024-01-26,225.94,Home,29
1415,Matt Donovan,2003-06-05,2023-12-16,25.86,Clothing,23
1416,Tyler Lockwood,1991-07-16,2023-05-16,1954.38,Electronics,35
1417,Jane Smith,2006-01-02,2023-10-19,117.32,Groceries,20
1418,Bonnie Bennett,1983-10-30,2023-07-09,110.22,Clothing,43
1419,Alice White,1996-03-12,2023-09-15,89.45,Beauty,30
1420,Tyler Lockwood,1975-02-17,2023-01-10,1863.36,Electronics,51
1421,Damon Salvatore,1999-09-22,2023-11-11,61.35,Groceries,27
1422,Jane Smith,1986-07-27,2023-06-21,892.58,Home,40
1423,Stefan Salvatore,1987-10-26,2023-02-01,591.02,Electronics,39
1424,Jane Smith,1987-09-29,2023-05-06,12.81,Groceries,39
1425,Elena Gilbert,1986-07-05,2023-12-11,11.26,Groceries,40
1426,Jane Smith,2007-01-22,2023-08-01,123.58,Groceries,19
1427,Bob Brown,1985-11-29,2023-02-13,64.95,Beauty,41
1428,Charlie Black,1975-08-28,2023-01-03,193.99,Home,51
1429,Damon Salvatore,1964-05-25,2023-05-08,28.21,Beauty,62
1430,Caroline Forbes,1992-12-13,2023-05-09,110.34,Groceries,34
1431,John Doe,2004-11-08,2023-08-12,204.12,Clothing,22
1432,Bonnie Bennett,1998-04-26,2023-08-19,228.62,Home,28
1433,Bonnie Bennett,1995-11-29,2023-08-22,255.19,Clothing,31
1434,Tyler Lockwood,1992-02-10,2023-05-01,232.43,Clothing,34
1435,Alice White,1997-06-24,2023-08-11,996.52,Home,29
1436,Alice White,2005-01-31,2024-01-29,180.93,Home,21
1437,Elena Gilbert,1987-04-21,2023-12-25,9.22,Beauty,39
1438,Alice White,1964-02-11,2023-09-30,78.97,Groceries,62
1439,Bob Brown,1984-07-11,2023-12-02,177.22,Clothing,42
1440,Alice White,1984-09-16,2023-06-07,188.6,Clothing,42
1441,Tyler Lockwood,1989-04-25,2023-11-15,105.62,Home,37
1442,Alaric Saltzman,1997-01-23,2023-11-10,119.35,Beauty,29
1443,Bob Brown,1963-07-18,2023-12-16,924.64,Electronics,63
1444,Jane Smith,1980-06-20,2023-10-30,746.94,Home,46
1445,Elena Gilbert,1963-09-23,2024-02-05,76.94,Groceries,63
1446,Matt Donovan,1993-08-09,2023-02-16,60.66,Groceries,33
1447,Bonnie Bennett,1982-04-07,2023-03-02,113.66,Clothing,44
1448,Alaric Saltzman,1965-11-09,2023-12-16,106.16,Beauty,61
1449,Matt Donovan,1964-01-11,2023-09-02,296.33,Home,62
1450,Caroline Forbes,2003-03-09,2023-11-16,74.73,Beauty,23
1451,Charlie Black,1998-08-14,2023-09-18,24.35,Groceries,28
1452,Alice White,1969-05-10,2024-02-23,1582.4,Electronics,57
1453,Alice White,2002-04-30,2023-07-01,24.05,Groceries,24
1454,Bonnie Bennett,1977-12-05,2023-06-01,1917.57,Electronics,49
1455,Stefan Salvatore,1964-11-16,2024-02-18,44.98,Groceries,62
1456,Damon Salvatore,1980-06-01,2023-04-30,96.15,Clothing,46
1457,Elena Gilbert,1977-11-13,2023-08-05,43.88,Beauty,49
1458,Bonnie Bennett,1963-07-18,2023-07-03,109.52,Home,63
1459,Caroline Forbes,1966-02-09,2023-07-15,135.11,Clothing,60
1460,Damon Salvatore,2002-10-17,2024-02-03,225.09,Clothing,24
1461,Matt Donovan,1988-10-04,2024-03-07,12.58,Beauty,38
1462,Tyler Lockwood,1994-04-16,2023-06-14,294.27,Clothing,32
1463,Charlie Black,2005-11-25,2023-08-06,86.97,Beauty,21
1464,Bob Brown,1983-03-22,2024-01-19,55.68,Groceries,43
1465,Bonnie Bennett,1975-09-03,2023-04-27,65.61,Groceries,51
1466,Bonnie Bennett,2001-11-27,2023-10-16,1962.98,Electronics,25
1467,Alaric Saltzman,1975-01-31,2024-03-17,114.28,Home,51
1468,Elena Gilbert,1991-11-18,2023-07-17,155.71,Clothing,35
1469,Charlie Black,2004-02-19,2023-01-22,1371.14,Electronics,22
1470,Jane Smith,1992-10-21,2023-06-16,14.03,Groceries,34
1471,Stefan Salvatore,1971-01-01,2023-05-18,99.36,Home,55
1472,John Doe,1976-05-26,2023-01-20,112.46,Clothing,50
1473,Alice White,1986-10-05,2024-01-11,100.65,Beauty,40
1474,Alice White,1980-06-01,2024-02-15,70.43,Beauty,46
1475,Caroline Forbes,1981-01-31,2024-01-04,38.26,Clothing,45
1476,Bob Brown,2001-01-08,2023-04-07,159.39,Clothing,25
1477,Elena Gilbert,1969-05-26,2023-03-30,411.4,Home,57
1478,Bob Brown,2003-04-20,2023-09-24,80.88,Groceries,23
1479,Stefan Salvatore,1980-05-05,2023-06-13,97.01,Beauty,46
1480,Damon Salvatore,2000-01-06,2024-02-03,64.23,Clothing,26
1481,Alice White,2002-05-29,2024-01-21,394.95,Home,24
1482,Matt Donovan,1966-01-21,2024-02-21,34.29,Groceries,60
1483,Stefan Salvatore,1971-09-06,2023-04-17,68.85,Beauty,55
1484,Elena Gilbert,1962-06-30,2023-10-02,1626.85,Electronics,64
1485,Damon Salvatore,1992-10-17,2023-03-04,147.7,Beauty,34
1486,Charlie Black,1978-06-03,2023-06-11,149.58,Groceries,48
1487,Caroline Forbes,1977-12-30,2023-09-04,702.52,Home,49
1488,Bob Brown,1975-08-16,2023-10-08,134.09,Groceries,51
1489,Charlie Black,1973-08-23,2023-09-22,138.14,Groceries,53
1490,Elena Gilbert,1989-12-26,2024-03-03,995.22,Electronics,37
1491,Tyler Lockwood,1964-08-01,2023-08-04,249.39,Clothing,62
1492,Tyler Lockwood,1980-05-16,2023-10-04,124.77,Groceries,46
1493,John Doe,1987-09-15,2023-06-29,117.42,Clothing,39
1494,Jane Smith,1997-05-19,2023-06-25,1698.75,Electronics,29
1495,Matt Donovan,1978-06-01,2023-12-13,79.56,Home,48
1496,Alaric Saltzman,1992-12-19,2024-02-28,103.84,Groceries,34
1497,Elena Gilbert,1999-09-27,2023-05-04,1690.38,Electronics,27
1498,Damon Salvatore,2006-02-16,2024-03-17,509.51,Electronics,20
1499,Charlie Black,1973-04-21,2023-04-27,99.71,Beauty,53
1500,Alice White,1997-01-14,2024-01-28,106.14,Home,29
1501,Jane Smith,1975-10-17,2023-09-08,582.42,Home,51
1502,Matt Donovan,1975-01-13,2023-02-07,60.33,Groceries,51
1503,Bob Brown,1990-01-25,2023-11-30,451.42,Home,36
1504,Bonnie Bennett,1968-03-22,2023-09-27,290.55,Clothing,58
1505,Elena Gilbert,1989-11-06,2024-03-10,766.26,Home,37
1506,Bonnie Bennett,1980-09-06,2023-11-23,679.03,Electronics,46
1507,Damon Salvatore,1989-10-27,2024-02-26,83.4,Beauty,37
1508,Stefan Salvatore,1991-05-14,2023-09-22,990.66,Electronics,35
1509,Bonnie Bennett,1994-08-04,2023-11-05,265.03,Home,32
1510,Bonnie Bennett,2004-12-14,2023-09-21,206.99,Clothing,22
1511,Elena Gilbert,1967-11-02,2023-05-07,126.53,Beauty,59
1512,Tyler Lockwood,1973-06-06,2023-03-05,180.54,Clothing,53
1513,Charlie Black,2003-04-23,2023-10-03,91.85,Beauty,23
1514,John Doe,1999-04-04,2023-02-04,222.91,Electronics,27
1515,John Doe,2000-04-26,2023-12-09,137.05,Groceries,26
1516,Bonnie Bennett,1990-01-29,2023-11-04,29.73,Beauty,36
1517,Charlie Black,1970-05-29,2023-06-06,275.56,Home,56
1518,Damon Salvatore,1981-01-29,2023-09-17,75.71,Groceries,45
1519,Elena Gilbert,1964-08-20,2023-06-11,756.41,Home,62
1520,John Doe,2000-11-26,2024-02-26,105.55,Electronics,26
1521,Alaric Saltzman,1996-06-05,2023-08-06,183.02,Home,30
1522,Tyler Lockwood,1966-11-29,2023-04-19,1282.79,Electronics,60
1523,Bob Brown,1963-03-28,2023-11-08,1081.49,Electronics,63
1524,Elena Gilbert,1962-08-25,2023-05-16,851.73,Home,64
1525,John Doe,1982-05-07,2023-12-07,87.95,Beauty,44
1526,Caroline Forbes,1965-04-26,2024-01-17,854.33,Electronics,61
1527,Charlie Black,1968-02-13,2023-12-10,55.06,Beauty,58
1528,Damon Salvatore,1968-01-22,2024-02-01,92.61,Home,58
1529,Matt Donovan,1995-10-19,2023-02-15,62.21,Beauty,31
1530,Tyler Lockwood,1989-03-29,2023-03-13,108.53,Beauty,37
1531,Tyler Lockwood,1975-05-03,2023-03-31,124.07,Groceries,51
1532,Stefan Salvatore,1983-03-16,2023-06-23,125.29,Beauty,43
1533,John Doe,1988-03-23,2023-05-26,206.28,Clothing,38
1534,John Doe,1972-12-08,2023-05-27,84.69,Groceries,54
1535,John Doe,1975-04-02,2024-01-13,387.03,Home,51
1536,Damon Salvatore,2006-05-11,2023-04-15,121.34,Clothing,20
1537,Matt Donovan,1995-06-02,2024-02-02,58.88,Clothing,31
1538,Bonnie Bennett,1970-02-01,2023-09-16,97.49,Groceries,56
1539,Charlie Black,2006-11-19,2023-06-15,557.27,Home,20
1540,Stefan Salvatore,2006-12-01,2024-02-29,47.78,Groceries,20
1541,John Doe,1963-03-11,2023-08-01,510.5,Electronics,63
1542,Bonnie Bennett,1985-05-07,2023-10-11,105.41,Beauty,41
1543,Jane Smith,1972-11-21,2024-03-04,682.0,Electronics,54
1544,Caroline Forbes,1978-08-23,2023-12-30,127.59,Clothing,48
1545,Bob Brown,1980-09-07,2023-12-01,918.87,Electronics,46
1546,Stefan Salvatore,1998-01-05,2023-06-09,123.61,Clothing,28
1547,Elena Gilbert,1972-09-14,2023-10-17,67.43,Groceries,54
1548,Alice White,1972-01-04,2023-11-17,1898.62,Electronics,54
1549,Bob Brown,1979-08-09,2024-03-19,198.33,Clothing,47
1550,Matt Donovan,1977-10-24,2024-01-30,292.39,Electronics,49
1551,Charlie Black,2000-08-29,2023-04-26,86.15,Groceries,26
1552,Alice White,1963-04-12,2024-02-18,555.32,Home,63
1553,Alaric Saltzman,2004-09-19,2023-06-04,418.59,Home,22
1554,Caroline Forbes,2002-04-12,2023-05-05,46.94,Beauty,24
1555,Charlie Black,1971-09-12,2023-05-04,73.73,Beauty,55
1556,Elena Gilbert,2004-05-22,2023-07-20,267.58,Electronics,22
1557,Matt Donovan,1991-11-07,2023-08-12,147.12,Groceries,35
1558,Bonnie Bennett,1995-09-14,2023-12-31,125.88,Beauty,31
1559,Bob Brown,2006-01-09,2023-12-20,33.22,Beauty,20
1560,John Doe,1988-02-04,2023-10-27,579.82,Home,38
1561,Bob Brown,2007-11-20,2024-03-22,69.39,Beauty,19
1562,Jane Smith,1997-05-25,2023-04-09,48.57,Groceries,29
1563,Elena Gilbert,1984-06-20,2023-10-02,110.97,Beauty,42
1564,Stefan Salvatore,1981-02-21,2023-05-25,83.74,Beauty,45
1565,Bob Brown,1981-11-01,2023-12-20,385.79,Home,45
1566,Tyler Lockwood,1987-06-24,2024-01-30,13.37,Groceries,39
1567,Stefan Salvatore,1989-01-09,2023-01-12,1903.31,Electronics,37
1568,Caroline Forbes,1964-07-09,2023-11-04,157.6,Clothing,62
1569,Matt Donovan,1975-07-27,2024-02-11,535.71,Home,51
1570,Bonnie Bennett,1991-08-29,2024-03-12,437.2,Home,35
1571,Bob Brown,2004-02-21,2023-06-12,213.0,Electronics,22
1572,Alaric Saltzman,1991-03-24,2024-01-04,1796.87,Electronics,35
1573,Bob Brown,1970-04-12,2024-03-18,79.01,Beauty,56
1574,Alaric Saltzman,1977-08-03,2023-04-24,9.43,Beauty,49
1575,Bob Brown,1998-04-30,2023-11-16,57.01,Beauty,28
1576,Jane Smith,1967-10-01,2023-02-04,1607.45,Electronics,59
1577,Bob Brown,1989-06-05,2023-10-09,270.64,Electronics,37
1578,Damon Salvatore,2005-12-17,2023-10-19,1302.52,Electronics,21
1579,Charlie Black,1995-07-06,2023-05-16,124.18,Beauty,31
1580,Bonnie Bennett,2007-09-09,2023-02-04,49.23,Clothing,19
1581,Damon Salvatore,1999-05-08,2024-03-05,64.03,Groceries,27
1582,Elena Gilbert,1997-03-04,2023-03-13,650.49,Home,29
1583,Alaric Saltzman,1963-05-17,2023-02-14,19.64,Beauty,63
1584,Elena Gilbert,1992-12-19,2024-02-28,1051.19,Electronics,34
1585,Caroline Forbes,1992-03-02,2023-07-07,40.41,Clothing,34
1586,Alaric Saltzman,1977-05-13,2023-10-22,813.31,Home,49
1587,Stefan Salvatore,1981-10-31,2023-08-09,127.12,Beauty,45
1588,John Doe,1967-09-25,2024-03-12,92.51,Beauty,59
1589,Charlie Black,1989-04-17,2023-10-08,1467.6,Electronics,37
1590,Caroline Forbes,1998-12-30,2023-02-21,103.98,Groceries,28
1591,Jane Smith,1981-01-04,2024-02-12,25.72,Groceries,45
1592,Damon Salvatore,2001-02-09,2023-04-29,57.47,Clothing,25
1593,Jane Smith,1997-02-26,2023-07-23,703.41,Electronics,29
1594,John Doe,1979-09-26,2023-10-01,219.11,Electronics,47
1595,Jane Smith,2000-04-02,2024-03-03,257.16,Electronics,26
1596,Tyler Lockwood,1997-10-24,2023-03-06,306.87,Home,29
1597,Matt Donovan,1974-11-20,2023-12-04,462.13,Home,52
1598,John Doe,2002-11-01,2023-02-25,102.9,Groceries,24
1599,John Doe,1985-07-22,2024-02-17,1867.32,Electronics,41
1600,Bonnie Bennett,1998-08-31,2023-01-23,108.39,Beauty,28
1601,Alaric Saltzman,1972-02-05,2023-12-30,953.23,Home,54
1602,Bonnie Bennett,1978-08-10,2023-01-21,118.36,Groceries,48
1603,Tyler Lockwood,1971-05-07,2024-02-05,77.29,Beauty,55
1604,Damon Salvatore,1981-01-16,2023-12-21,197.64,Clothing,45
1605,Bob Brown,1964-03-06,2024-01-15,453.44,Electronics,62
1606,Charlie Black,1995-11-15,2023-01-31,79.36,Clothing,31
1607,Bonnie Bennett,1970-04-25,2024-03-15,1612.86,Electronics,56
1608,Damon Salvatore,1963-07-09,2023-06-11,359.54,Electronics,63
1609,Damon Salvatore,1972-05-30,2023-01-03,146.32,Groceries,54
1610,Tyler Lockwood,1988-01-28,2023-11-06,1791.41,Electronics,38
1611,Tyler Lockwood,1965-07-18,2023-01-13,1664.29,Electronics,61
1612,Elena Gilbert,1998-12-31,2023-02-13,104.77,Beauty,28
1613,Alaric Saltzman,1971-11-19,2023-10-07,25.41,Clothing,55
1614,Alice White,1994-10-08,2023-06-12,1498.78,Electronics,32
1615,Elena Gilbert,1991-06-01,2023-07-01,6.44,Groceries,35
1616,Matt Donovan,1983-07-13,2024-01-13,62.66,Groceries,43
1617,John Doe,1988-10-28,2023-06-05,1090.46,Electronics,38
1618,Caroline Forbes,1996-05-15,2023-06-30,235.64,Clothing,30
1619,Bonnie Bennett,1974-10-17,2024-01-26,54.56,Beauty,52
1620,Damon Salvatore,2001-06-22,2023-11-09,5.2,Groceries,25
1621,Matt Donovan,1972-10-16,2023-08-16,72.42,Home,54
1622,Matt Donovan,2000-07-11,2023-08-05,62.71,Beauty,26
1623,Alice White,1968-08-18,2024-02-17,1881.02,Electronics,58
1624,Jane Smith,1980-08-05,2023-03-20,73.7,Groceries,46
1625,Caroline Forbes,2004-11-22,2023-04-14,554.4,Electronics,22
1626,Stefan Salvatore,1976-04-02,2023-05-23,117.65,Groceries,50
1627,John Doe,1982-08-11,2023-12-28,1282.59,Electronics,44
1628,Caroline Forbes,1963-03-29,2023-09-24,122.61,Beauty,63
1629,Stefan Salvatore,2004-03-06,2024-02-16,296.91,Home,22
1630,John Doe,1970-07-28,2024-03-13,83.13,Groceries,56
1631,Bonnie Bennett,1962-07-04,2023-10-09,1868.15,Electronics,64
1632,Alice White,1967-06-27,2023-02-23,1920.07,Electronics,59
1633,Matt Donovan,1975-02-13,2023-08-12,142.62,Beauty,51
1634,Charlie Black,2002-05-03,2023-03-03,173.12,Clothing,24
1635,Alaric Saltzman,1977-07-20,2023-01-03,74.79,Beauty,49
1636,Alaric Saltzman,1965-11-14,2023-06-10,1964.27,Electronics,61
1637,Alaric Saltzman,1997-03-08,2023-06-05,144.29,Groceries,29
1638,Alice White,1973-06-21,2023-02-17,982.09,Home,53
1639,Bonnie Bennett,1996-10-06,2023-12-23,1846.84,Electronics,30
1640,Damon Salvatore,1970-09-28,2024-01-25,125.26,Groceries,56
1641,Alaric Saltzman,1974-05-31,2023-04-17,545.39,Home,52
1642,Jane Smith,1974-06-26,2023-01-08,128.86,Beauty,52
1643,Alice White,1978-04-12,2024-03-02,409.13,Electronics,48
1644,Stefan Salvatore,1986-11-24,2023-03-27,6.75,Groceries,40
1645,Caroline Forbes,1972-11-19,2023-06-05,245.33,Clothing,54
1646,Charlie Black,1984-09-08,2023-09-09,164.11,Clothing,42
1647,Matt Donovan,1986-11-16,2023-06-04,865.25,Electronics,40
1648,Tyler Lockwood,1995-09-03,2023-01-10,46.89,Groceries,31
1649,Stefan Salvatore,1982-01-23,2023-05-09,1545.92,Electronics,44
1650,John Doe,2005-10-26,2023-04-04,104.82,Home,21
1651,Damon Salvatore,1981-03-17,2023-07-25,1596.34,Electronics,45
1652,Alice White,1979-08-30,2023-04-01,203.86,Clothing,47
1653,Jane Smith,2007-12-24,2023-06-03,146.28,Beauty,19
1654,Damon Salvatore,1998-04-13,2023-07-22,173.97,Electronics,28
1655,Caroline Forbes,2007-05-18,2023-12-20,37.61,Beauty,19
1656,Alice White,2003-06-10,2023-05-19,456.13,Home,23
1657,Tyler Lockwood,1982-11-09,2023-07-07,269.92,Clothing,44
1658,Charlie Black,1994-10-14,2023-10-06,268.89,Clothing,32
1659,Jane Smith,1963-07-25,2024-01-27,661.82,Electronics,63
1660,Damon Salvatore,1962-04-13,2024-01-13,531.57,Home,64
1661,Bob Brown,1984-05-18,2023-02-09,110.38,Beauty,42
1662,Alaric Saltzman,1985-02-01,2023-01-04,539.88,Home,41
1663,John Doe,1985-08-28,2023-09-05,66.66,Groceries,41
1664,Charlie Black,1977-06-18,2023-06-30,100.02,Electronics,49
1665,Bonnie Bennett,2002-03-01,2023-11-09,76.16,Clothing,24
1666,Damon Salvatore,1970-12-06,2023-11-13,38.41,Groceries,56
1667,Bob Brown,1986-04-28,2023-11-28,679.89,Home,40
1668,Bonnie Bennett,2003-03-15,2023-11-10,270.89,Clothing,23
1669,Charlie Black,1983-11-06,2024-02-15,222.53,Home,43
1670,Matt Donovan,1973-01-20,2023-01-16,83.66,Beauty,53
1671,Stefan Salvatore,1992-12-26,2023-10-14,218.61,Clothing,34
1672,Matt Donovan,1974-06-18,2023-09-11,610.81,Electronics,52
1673,Caroline Forbes,1986-05-28,2023-11-20,96.66,Groceries,40
1674,Matt Donovan,1987-03-05,2023-04-12,1076.32,Electronics,39
1675,Bonnie Bennett,1972-12-09,2024-01-18,215.22,Clothing,54
1676,Damon Salvatore,2003-02-20,2024-02-11,224.11,Clothing,23
1677,Bonnie Bennett,1991-06-18,2023-06-18,25.61,Beauty,35
1678,Elena Gilbert,2002-03-18,2023-11-04,129.2,Beauty,24
1679,John Doe,1996-08-31,2023-04-19,692.77,Electronics,30
1680,Caroline Forbes,1993-11-15,2023-02-01,60.73,Groceries,33
1681,Bob Brown,1965-12-14,2023-11-10,1943.49,Electronics,61
1682,Alaric Saltzman,2004-07-19,2023-11-11,123.48,Beauty,22
1683,Bonnie Bennett,1975-09-13,2023-12-05,78.2,Beauty,51
1684,Matt Donovan,1993-02-10,2023-08-28,954.84,Home,33
1685,Matt Donovan,1965-12-03,2023-05-28,95.63,Groceries,61
1686,Jane Smith,1986-04-18,2023-11-24,858.15,Home,40
1687,Damon Salvatore,1989-08-29,2023-07-29,102.73,Groceries,37
1688,Tyler Lockwood,1975-11-07,2023-01-12,49.48,Beauty,51
1689,Matt Donovan,1996-11-17,2023-01-05,1768.17,Electronics,30
1690,Charlie Black,1975-04-16,2023-02-19,1402.34,Electronics,51
1691,Charlie Black,2007-01-04,2023-06-16,147.4,Groceries,19
1692,Alice White,2001-12-04,2023-08-03,796.01,Home,25
1693,Alaric Saltzman,1989-01-26,2023-10-07,283.56,Clothing,37
1694,Bonnie Bennett,2000-07-18,2023-03-03,146.68,Beauty,26
1695,Jane Smith,2002-12-25,2023-11-21,63.52,Groceries,24
1696,Charlie Black,1990-07-20,2023-06-26,15.74,Groceries,36
1697,Bob Brown,1998-11-16,2023-12-11,305.11,Home,28
1698,Tyler Lockwood,1984-12-13,2023-06-15,189.02,Clothing,42
1699,Damon Salvatore,1981-09-22,2023-08-18,48.11,Groceries,45
1700,Elena Gilbert,1988-11-08,2024-02-07,18.35,Groceries,38
1701,Jane Smith,1978-04-24,2023-10-17,404.6,Home,48
1702,Matt Donovan,1998-12-11,2023-12-18,1098.94,Electronics,28
1703,Matt Donovan,2006-12-17,2023-03-24,145.74,Clothing,20
1704,Charlie Black,1993-04-14,2023-05-30,888.84,Home,33
1705,Matt Donovan,1986-03-06,2023-04-08,195.93,Electronics,40
1706,John Doe,1963-12-25,2023-01-07,1129.78,Electronics,63
1707,Bob Brown,2007-10-05,2024-02-24,1695.62,Electronics,19
1708,Caroline Forbes,1976-05-15,2023-09-19,1046.28,Electronics,50
1709,Matt Donovan,1973-06-29,2023-12-07,924.64,Electronics,53
1710,Alice White,1979-12-16,2024-02-15,298.95,Clothing,47
1711,Tyler Lockwood,1992-01-12,2024-01-12,559.84,Electronics,34
1712,Alice White,1963-09-16,2023-02-08,1654.9,Electronics,63
1713,Alice White,1975-12-21,2023-10-26,37.51,Clothing,51
1714,Alaric Saltzman,2005-04-08,2023-11-10,1378.46,Electronics,21
1715,Jane Smith,1978-04-29,2023-05-18,245.43,Clothing,48
1716,Bob Brown,1972-04-15,2023-03-18,635.94,Home,54
1717,John Doe,1981-07-03,2023-09-21,782.21,Home,45
1718,John Doe,1999-11-07,2023-12-11,1743.87,Electronics,27
1719,John Doe,1971-10-15,2023-12-04,481.63,Home,55
1720,Alaric Saltzman,1965-10-30,2023-07-07,159.84,Clothing,61
1721,Jane Smith,1966-01-24,2023-12-01,65.81,Groceries,60
1722,Elena Gilbert,1997-08-20,2023-07-04,48.65,Beauty,29
1723,Damon Salvatore,1965-04-26,2023-03-29,35.45,Groceries,61
1724,John Doe,2005-06-23,2023-05-01,1855.65,Electronics,21
1725,Charlie Black,1979-10-17,2023-07-21,101.31,Groceries,47
1726,Damon Salvatore,2005-11-03,2023-10-30,69.7,Groceries,21
1727,Alice White,2003-10-15,2023-07-15,41.24,Groceries,23
1728,Stefan Salvatore,1967-02-07,2023-06-02,112.67,Beauty,59
1729,Caroline Forbes,1984-09-25,2023-08-25,52.38,Beauty,42
1730,Caroline Forbes,1966-04-22,2023-10-22,705.36,Electronics,60
1731,Alaric Saltzman,2000-02-16,2023-04-19,381.45,Home,26
1732,Bonnie Bennett,2003-11-26,2023-03-17,443.79,Home,23
1733,Elena Gilbert,1999-05-13,2023-08-27,64.61,Beauty,27
1734,Alice White,1986-01-11,2024-02-05,109.22,Beauty,40
1735,Elena Gilbert,1965-02-12,2023-04-04,755.94,Electronics,61
1736,Matt Donovan,1976-10-28,2023-05-18,89.41,Groceries,50
1737,Jane Smith,1999-07-03,2023-01-28,283.08,Home,27
1738,Damon Salvatore,1989-10-29,2024-02-03,87.93,Groceries,37
1739,Matt Donovan,1999-08-31,2023-10-16,1127.72,Electronics,27
1740,Caroline Forbes,1968-09-07,2024-03-24,77.52,Beauty,58
1741,Bob Brown,1995-06-22,2024-01-20,26.2,Clothing,31
1742,Alaric Saltzman,1979-05-08,2023-05-08,163.44,Clothing,47
1743,Alaric Saltzman,2003-05-15,2023-11-01,244.1,Home,23
1744,John Doe,1969-04-26,2023-07-12,1261.54,Electronics,57
1745,Matt Donovan,1983-06-20,2023-09-10,582.64,Home,43
1746,Charlie Black,1965-05-24,2024-01-15,1489.5,Electronics,61
1747,Bonnie Bennett,2007-11-19,2023-03-27,1021.68,Electronics,19
1748,Bob Brown,1967-08-15,2023-07-25,31.6,Beauty,59
1749,Jane Smith,1967-06-04,2024-01-22,121.91,Home,59
1750,Bonnie Bennett,1968-10-06,2024-03-10,38.75,Clothing,58
1751,Elena Gilbert,2002-08-01,2023-08-27,1511.85,Electronics,24
1752,Tyler Lockwood,1963-12-11,2023-11-18,121.55,Beauty,63
1753,Alice White,1979-10-27,2023-08-22,69.73,Beauty,47
1754,Bob Brown,1994-04-09,2023-02-09,721.3,Home,32
1755,Alice White,1997-10-23,2023-04-17,410.27,Home,29
1756,Jane Smith,1999-03-11,2023-06-08,18.83,Groceries,27
1757,Stefan Salvatore,1994-01-06,2024-02-13,116.14,Groceries,32
1758,Caroline Forbes,1971-04-17,2023-10-22,232.38,Clothing,55
1759,Bob Brown,1971-08-02,2023-07-11,112.63,Groceries,55
1760,Damon Salvatore,1980-06-06,2024-01-18,61.66,Groceries,46
1761,Caroline Forbes,1991-07-24,2024-01-22,99.85,Beauty,35
1762,Alice White,1966-06-30,2023-03-03,105.93,Clothing,60
1763,Alaric Saltzman,1995-06-01,2023-02-23,226.1,Home,31
1764,Alaric Saltzman,2006-11-18,2023-08-10,110.03,Groceries,20
1765,Matt Donovan,1993-03-24,2023-03-22,214.92,Clothing,33
1766,Tyler Lockwood,1982-05-23,2023-05-26,616.7,Electronics,44
1767,Elena Gilbert,2005-09-07,2023-08-10,52.05,Beauty,21
1768,Alaric Saltzman,1976-09-24,2024-02-09,97.97,Clothing,50
1769,Matt Donovan,1972-05-26,2023-03-15,123.17,Beauty,54
1770,Alice White,1976-05-24,2024-01-10,117.18,Groceries,50
1771,Alice White,1996-09-14,2023-01-28,981.58,Electronics,30
1772,Elena Gilbert,2002-11-17,2023-06-12,96.36,Beauty,24
1773,Jane Smith,2002-07-19,2023-02-25,538.49,Home,24
1774,Alaric Saltzman,2001-11-09,2023-03-18,256.56,Clothing,25
1775,Matt Donovan,1975-08-30,2024-01-16,998.95,Home,51
1776,Matt Donovan,1977-11-28,2023-03-02,21.6,Clothing,49
1777,Matt Donovan,1973-03-14,2023-05-23,51.13,Beauty,53
1778,Bob Brown,1997-08-19,2024-02-09,435.71,Home,29
1779,Tyler Lockwood,1973-12-04,2023-06-15,217.72,Clothing,53
1780,Alice White,1976-08-28,2023-07-26,55.08,Home,50
1781,Bob Brown,1992-08-10,2023-12-07,90.11,Beauty,34
1782,Bonnie Bennett,2004-12-21,2023-01-29,470.18,Home,22
1783,Caroline Forbes,1965-09-30,2023-10-03,874.99,Home,61
1784,Matt Donovan,1962-09-01,2023-01-28,96.8,Beauty,64
1785,Charlie Black,1987-06-02,2023-02-19,129.85,Groceries,39
1786,Caroline Forbes,1988-09-11,2024-02-13,951.74,Home,38
1787,Alaric Saltzman,1990-09-22,2023-02-24,50.82,Clothing,36
1788,Matt Donovan,1987-10-15,2023-12-09,1324.09,Electronics,39
1789,Bonnie Bennett,1967-09-01,2024-02-10,760.4,Home,59
1790,Damon Salvatore,2004-08-11,2023-05-23,11.14,Groceries,22
1791,Jane Smith,1991-11-23,2024-03-05,25.36,Clothing,35
1792,John Doe,1965-08-07,2023-09-25,144.33,Groceries,61
1793,Bob Brown,1980-08-26,2023-03-31,27.29,Beauty,46
1794,Charlie Black,1970-04-13,2023-10-19,227.36,Clothing,56
1795,Tyler Lockwood,1968-05-06,2023-05-30,9.6,Groceries,58
1796,Stefan Salvatore,1982-08-01,2023-05-08,132.74,Groceries,44
1797,Matt Donovan,2002-01-07,2024-03-18,750.55,Home,24
1798,Stefan Salvatore,1999-08-27,2023-07-31,135.12,Beauty,27
1799,Damon Salvatore,2000-07-29,2023-04-05,14.05,Beauty,26
1800,Alice White,1969-04-26,2023-04-29,123.46,Groceries,57
1801,Caroline Forbes,1979-02-16,2023-04-08,136.54,Clothing,47
1802,Caroline Forbes,1974-06-22,2023-10-03,95.2,Clothing,52
1803,Caroline Forbes,1977-01-06,2023-09-28,81.83,Beauty,49
1804,Charlie Black,1968-12-19,2023-10-23,45.36,Groceries,58
1805,Stefan Salvatore,1997-11-04,2023-07-11,38.71,Beauty,29
1806,Tyler Lockwood,1999-01-14,2023-01-28,772.02,Electronics,27
1807,Alaric Saltzman,1977-01-22,2023-04-11,246.53,Clothing,49
1808,Jane Smith,1970-03-22,2024-01-18,252.21,Clothing,56
1809,Matt Donovan,1980-04-30,2023-04-06,74.38,Beauty,46
1810,Caroline Forbes,1968-10-24,2023-08-26,52.98,Home,58
1811,Tyler Lockwood,1985-10-03,2023-03-06,250.27,Clothing,41
1812,Caroline Forbes,1974-06-08,2023-10-05,55.32,Beauty,52
1813,Jane Smith,1996-11-08,2023-09-28,148.47,Beauty,30
1814,Bonnie Bennett,1968-10-04,2023-08-06,546.62,Home,58
1815,Alaric Saltzman,1992-08-06,2024-03-22,75.06,Groceries,34
1816,Bob Brown,2001-06-17,2023-08-15,54.51,Clothing,25
1817,Damon Salvatore,2004-08-17,2023-12-11,134.03,Beauty,22
1818,John Doe,1971-12-14,2023-07-07,263.49,Clothing,55
1819,Elena Gilbert,2005-01-12,2023-03-13,1509.04,Electronics,21
1820,Matt Donovan,1970-08-22,2024-02-26,28.97,Groceries,56
1821,Bob Brown,1980-10-18,2023-08-25,272.89,Clothing,46
1822,Alaric Saltzman,1970-08-13,2023-09-04,1592.72,Electronics,56
1823,Bob Brown,1998-06-11,2023-07-06,85.73,Groceries,28
1824,Alaric Saltzman,2003-08-15,2023-11-04,147.95,Electronics,23
1825,Charlie Black,1989-02-11,2023-02-14,241.93,Clothing,37
1826,Alice White,1995-03-23,2024-03-13,71.46,Groceries,31
1827,Alaric Saltzman,1991-12-28,2023-11-24,285.58,Clothing,35
1828,Damon Salvatore,1962-04-09,2023-09-21,276.24,Home,64
1829,Matt Donovan,1995-07-09,2023-06-05,1434.73,Electronics,31
1830,Damon Salvatore,2006-06-19,2023-07-29,1437.76,Electronics,20
1831,Alaric Saltzman,1976-07-21,2023-08-26,67.8,Clothing,50
1832,Charlie Black,1978-10-01,2023-04-22,1070.1,Electronics,48
1833,Alice White,1993-08-06,2023-06-29,236.59,Clothing,33
1834,Charlie Black,1985-08-29,2024-02-18,1720.67,Electronics,41
1835,Bonnie Bennett,2008-01-07,2023-08-15,476.59,Home,18
1836,Bonnie Bennett,1976-06-01,2023-05-20,1569.42,Electronics,50
1837,Bonnie Bennett,2000-12-11,2023-06-04,60.06,Groceries,26
1838,Stefan Salvatore,1966-08-24,2024-01-06,590.04,Home,60
1839,John Doe,1975-07-22,2023-08-01,126.08,Beauty,51
1840,Stefan Salvatore,2002-03-16,2024-03-09,113.67,Beauty,24
1841,Bob Brown,2000-07-03,2024-03-08,447.65,Home,26
1842,Stefan Salvatore,1987-11-02,2024-03-25,655.24,Home,39
1843,Matt Donovan,1992-02-18,2023-05-27,127.98,Groceries,34
1844,Damon Salvatore,1971-06-30,2023-03-09,275.62,Clothing,55
1845,Alice White,1995-04-21,2023-02-27,1441.87,Electronics,31
1846,Damon Salvatore,1962-12-10,2023-07-05,54.3,Groceries,64
1847,Stefan Salvatore,1980-07-31,2023-10-31,1877.42,Electronics,46
1848,Stefan Salvatore,1984-08-01,2024-01-05,33.78,Groceries,42
1849,Matt Donovan,1999-08-22,2023-03-17,69.77,Beauty,27
1850,Jane Smith,2005-06-15,2024-02-12,273.33,Clothing,21
1851,Alice White,1969-02-19,2023-07-30,329.55,Home,57
1852,Bob Brown,1981-11-05,2023-09-28,251.82,Home,45
1853,Charlie Black,1964-05-24,2023-06-24,259.72,Clothing,62
1854,Jane Smith,1988-10-07,2023-05-12,936.11,Electronics,38
1855,Jane Smith,1978-10-01,2023-12-06,1662.74,Electronics,48
1856,Charlie Black,1975-05-10,2023-09-10,103.98,Clothing,51
1857,Alice White,1993-04-27,2023-01-25,89.62,Beauty,33
1858,Caroline Forbes,2003-12-13,2023-04-23,376.76,Home,23
1859,Damon Salvatore,2004-11-21,2023-01-18,124.04,Beauty,22
1860,Elena Gilbert,1968-10-01,2023-07-11,440.31,Home,58
1861,Caroline Forbes,1983-08-30,2023-07-19,810.93,Home,43
1862,Charlie Black,1963-09-03,2023-11-07,22.21,Beauty,63
1863,Alaric Saltzman,1970-03-17,2023-07-16,1801.83,Electronics,56
1864,Jane Smith,2007-02-25,2023-07-07,675.78,Home,19
1865,Tyler Lockwood,1964-04-04,2024-02-27,241.06,Clothing,62
1866,Stefan Salvatore,1980-11-24,2023-04-13,140.75,Clothing,46
1867,Jane Smith,1978-01-06,2023-12-11,80.92,Groceries,48
1868,Elena Gilbert,1968-11-20,2023-04-21,580.43,Electronics,58
1869,Caroline Forbes,1966-04-01,2023-07-28,383.28,Home,60
1870,Stefan Salvatore,1992-02-07,2023-03-31,17.28,Beauty,34
1871,John Doe,1994-06-06,2023-06-12,88.59,Beauty,32
1872,Alaric Saltzman,1981-06-02,2023-08-29,34.62,Beauty,45
1873,Tyler Lockwood,2002-08-08,2023-02-27,899.45,Electronics,24
1874,Jane Smith,1982-04-29,2023-01-05,134.17,Clothing,44
1875,Elena Gilbert,1990-05-27,2023-09-06,37.48,Beauty,36
1876,Tyler Lockwood,1994-02-04,2023-03-04,91.84,Home,32
1877,Bob Brown,1991-11-16,2023-06-12,253.42,Clothing,35
1878,Stefan Salvatore,1984-04-14,2024-01-16,1808.59,Electronics,42
1879,Jane Smith,2007-03-02,2023-10-15,64.91,Groceries,19
1880,Caroline Forbes,1994-06-29,2023-11-20,77.7,Home,32
1881,Alice White,1963-03-22,2023-10-11,107.97,Beauty,63
1882,Bob Brown,2000-05-17,2023-09-28,299.23,Home,26
1883,Damon Salvatore,1963-06-12,2023-03-12,137.88,Groceries,63
1884,Caroline Forbes,1992-05-13,2023-08-18,32.05,Clothing,34
1885,Charlie Black,1979-12-29,2023-04-08,898.91,Home,47
1886,Damon Salvatore,2003-03-08,2024-01-25,86.4,Clothing,23
1887,Tyler Lockwood,2004-11-19,2024-02-11,256.38,Clothing,22
1888,Stefan Salvatore,1976-07-13,2023-07-21,36.2,Groceries,50
1889,Stefan Salvatore,2005-11-06,2023-05-19,979.44,Home,21
1890,Alice White,2004-03-20,2023-10-24,378.52,Home,22
1891,Elena Gilbert,2002-05-06,2023-01-22,860.4,Electronics,24
1892,Damon Salvatore,1997-06-16,2023-01-03,1246.7,Electronics,29
1893,Damon Salvatore,1994-07-13,2023-01-18,678.54,Electronics,32
1894,Bonnie Bennett,1985-08-07,2023-03-24,37.29,Beauty,41
1895,Alice White,1986-01-26,2023-10-08,23.92,Groceries,40
1896,Stefan Salvatore,1983-12-14,2023-07-25,43.56,Clothing,43
1897,Caroline Forbes,1978-10-23,2024-02-29,1357.27,Electronics,48
1898,Alice White,1974-06-07,2023-04-09,72.52,Home,52
1899,Charlie Black,1986-09-05,2024-01-26,539.8,Electronics,40
1900,Jane Smith,1996-10-24,2023-10-25,34.17,Clothing,30
1901,Matt Donovan,1992-06-27,2023-08-31,260.23,Clothing,34
1902,Matt Donovan,1982-10-05,2023-09-19,1596.01,Electronics,44
1903,Caroline Forbes,1996-08-18,2023-11-29,146.2,Groceries,30
1904,Jane Smith,1982-04-17,2024-02-15,587.77,Home,44
1905,Stefan Salvatore,2001-08-14,2024-01-02,66.79,Groceries,25
1906,Matt Donovan,1991-12-23,2023-09-10,529.55,Electronics,35
1907,Charlie Black,2000-04-02,2023-03-31,70.26,Groceries,26
1908,Alaric Saltzman,1996-11-13,2024-02-18,205.58,Clothing,30
1909,Alice White,1971-05-20,2023-07-14,105.6,Groceries,55
1910,Alice White,1989-11-10,2023-01-21,115.22,Beauty,37
1911,Alice White,1979-10-02,2023-10-08,64.12,Groceries,47
1912,Jane Smith,2003-03-02,2023-01-30,53.94,Beauty,23
1913,Jane Smith,1995-04-11,2024-01-09,55.0,Beauty,31
1914,Alice White,1972-04-05,2023-08-19,440.74,Home,54
1915,Elena Gilbert,1993-09-28,2023-01-09,20.31,Groceries,33
1916,Charlie Black,1988-03-18,2023-05-06,392.45,Home,38
1917,Caroline Forbes,2004-04-26,2023-10-17,148.92,Beauty,22
1918,Caroline Forbes,1977-10-15,2023-03-09,210.61,Home,49
1919,Bob Brown,1987-08-20,2024-02-19,985.92,Home,39
1920,Jane Smith,1998-10-15,2023-07-13,101.48,Groceries,28
1921,Damon Salvatore,1977-11-12,2023-03-29,345.43,Electronics,49
1922,Charlie Black,2004-03-30,2024-02-14,91.0,Clothing,22
1923,John Doe,1975-03-17,2023-11-17,118.23,Groceries,51
1924,Damon Salvatore,2006-11-06,2023-10-07,19.91,Groceries,20
1925,Caroline Forbes,1997-05-02,2023-11-02,965.63,Home,29
1926,Bob Brown,1996-08-11,2023-10-10,1893.46,Electronics,30
1927,John Doe,1992-04-13,2023-07-01,45.01,Groceries,34
1928,Bonnie Bennett,1976-06-06,2024-03-19,85.33,Clothing,50
1929,Alaric Saltzman,1968-01-19,2023-10-30,99.31,Beauty,58
1930,Alaric Saltzman,1986-08-24,2023-08-30,157.77,Home,40
1931,Jane Smith,1976-11-30,2023-11-18,53.14,Groceries,50
1932,Tyler Lockwood,1982-08-09,2023-01-10,591.32,Electronics,44
1933,Alice White,1969-12-31,2023-03-07,1378.41,Electronics,57
1934,Alice White,1984-09-19,2023-02-26,34.12,Clothing,42
1935,Tyler Lockwood,1971-09-26,2023-12-06,8.58,Beauty,55
1936,Charlie Black,1998-11-04,2023-11-30,92.13,Beauty,28
1937,Jane Smith,1996-09-25,2023-02-05,47.54,Beauty,30
1938,Alaric Saltzman,1972-07-26,2023-04-06,1691.31,Electronics,54
1939,Alice White,1990-05-06,2023-07-14,44.43,Beauty,36
1940,Matt Donovan,2003-09-25,2023-04-14,613.79,Home,23
1941,Elena Gilbert,1996-03-22,2023-03-28,54.7,Beauty,30
1942,Tyler Lockwood,1991-09-08,2023-11-06,99.22,Groceries,35
1943,Alaric Saltzman,1981-03-20,2023-04-14,333.84,Home,45
1944,Matt Donovan,1975-06-28,2023-10-14,388.77,Home,51
1945,Bob Brown,1962-08-25,2023-10-15,143.86,Beauty,64
1946,Bob Brown,2003-08-04,2023-10-12,829.68,Electronics,23
1947,Jane Smith,1963-04-12,2023-08-07,840.81,Electronics,63
1948,John Doe,1988-03-18,2023-04-06,838.24,Home,38
1949,Elena Gilbert,1985-01-02,2023-08-06,896.75,Home,41
1950,Bob Brown,2007-12-24,2024-03-12,865.14,Electronics,19
1951,Alaric Saltzman,1988-04-04,2023-01-08,105.72,Beauty,38
1952,John Doe,2005-08-16,2023-06-12,88.88,Beauty,21
1953,Tyler Lockwood,1988-11-07,2023-10-03,1627.78,Electronics,38
1954,Bob Brown,1989-11-14,2023-06-22,227.31,Home,37
1955,Tyler Lockwood,1987-01-04,2023-04-21,120.49,Beauty,39
1956,Matt Donovan,1989-08-08,2023-10-25,50.25,Clothing,37
1957,Caroline Forbes,1985-05-02,2023-03-18,116.87,Groceries,41
1958,Stefan Salvatore,1989-06-29,2023-02-08,606.31,Home,37
1959,Damon Salvatore,1994-06-01,2023-06-03,249.62,Clothing,32
1960,Elena Gilbert,1974-05-29,2024-03-23,49.63,Groceries,52
1961,Caroline Forbes,1980-12-23,2023-12-21,178.9,Home,46
1962,Stefan Salvatore,2001-05-30,2023-12-25,149.5,Beauty,25
1963,Tyler Lockwood,1982-03-05,2024-01-01,57.0,Groceries,44
1964,Charlie Black,1972-01-14,2023-11-05,1952.84,Electronics,54
1965,Alaric Saltzman,2004-12-07,2023-11-01,135.44,Clothing,22
1966,Elena Gilbert,1967-07-30,2024-03-04,183.67,Clothing,59
1967,Bonnie Bennett,1983-01-03,2023-01-29,122.89,Home,43
1968,Bob Brown,1978-03-16,2023-09-30,479.15,Home,48
1969,Alice White,1979-09-07,2023-03-20,888.17,Electronics,47
1970,Caroline Forbes,1970-04-15,2023-03-28,1886.96,Electronics,56
1971,Elena Gilbert,1991-07-29,2023-06-18,153.68,Clothing,35
1972,Damon Salvatore,1970-04-27,2023-06-10,408.82,Electronics,56
1973,Tyler Lockwood,1975-02-24,2024-02-05,35.28,Groceries,51
1974,Caroline Forbes,2005-02-19,2023-03-12,264.14,Clothing,21
1975,Bob Brown,2000-06-13,2024-02-12,330.69,Home,26
1976,Alice White,1965-05-23,2023-02-01,852.99,Electronics,61
1977,Tyler Lockwood,1980-02-11,2023-12-21,461.13,Home,46
1978,Alice White,1972-02-12,2023-02-08,151.58,Clothing,54
1979,Bonnie Bennett,2005-01-21,2023-06-07,801.84,Home,21
1980,Tyler Lockwood,1978-05-11,2023-01-18,97.58,Clothing,48
1981,Damon Salvatore,2007-03-11,2023-03-28,69.6,Clothing,19
1982,Elena Gilbert,1964-08-14,2023-06-01,540.47,Home,62
1983,Charlie Black,1978-06-23,2024-03-01,383.37,Electronics,48
1984,Tyler Lockwood,1978-09-25,2024-02-27,1760.36,Electronics,48
1985,Tyler Lockwood,1979-09-19,2023-08-23,68.78,Beauty,47
1986,Alice White,1969-09-10,2024-03-13,187.85,Clothing,57
1987,Matt Donovan,1990-07-03,2024-02-26,136.3,Beauty,36
1988,Tyler Lockwood,1978-02-16,2023-03-09,608.6,Home,48
1989,John Doe,1974-11-27,2023-01-22,251.26,Clothing,52
1990,Elena Gilbert,1967-02-05,2023-07-04,65.05,Beauty,59
1991,Damon Salvatore,1980-07-17,2023-08-08,644.37,Home,46
1992,Bonnie Bennett,1963-10-04,2024-02-20,92.63,Beauty,63
1993,Caroline Forbes,1976-04-03,2023-09-08,42.43,Clothing,50
1994,Alaric Saltzman,2005-03-18,2023-09-23,40.4,Groceries,21
1995,Bob Brown,2002-11-02,2023-10-21,143.1,Beauty,24
1996,Bob Brown,2001-02-13,2023-05-02,73.79,Groceries,25
1997,Bob Brown,1988-01-11,2023-05-16,149.21,Beauty,38
1998,Bonnie Bennett,1994-03-27,2023-11-23,71.88,Clothing,32
1999,Stefan Salvatore,1972-02-28,2023-09-23,609.75,Home,54
2000,Stefan Salvatore,1983-04-26,2023-01-12,341.19,Electronics,43
